[
  {"Вопросы": "Что включает базовый пакет тура?",
   "Ответы": "Трансфер из Минвод, питание, услуги гида, групповое снаряжение, страховка, разрешения и ночёвки в приютах."},

  {"Вопросы": "Можно ли присоединиться в последний момент?",
   "Ответы": "Да, если есть свободные места и справка о состоянии здоровья за 3 дня до старта."},

  {"Вопросы": "Какое обучение нужно для участия?",
   "Ответы": "Нужен опыт высотных походов от 3500 м. В первый день — бесплатный тренинг по ледолазанию."},

  {"Вопросы": "Сколько стоит индивидуальное сопровождение?",
   "Ответы": "От 120 000 руб. Зависит от группы. Включает личного гида и адаптацию маршрута."},

  {"Вопросы": "Есть ли условия для моделей и фотографов?",
   "Ответы": "Да. Скидка 20% при фотосессии у Каменных грибов (День 2–3)."},

  {"Вопросы": "Что такое техника акклиматизации Эммануэля?",
   "Ответы": "Это поэтапный набор высоты с ночёвками в точках оригинального маршрута 1829 года."},

  {"Вопросы": "Можно ли получить консультацию перед туром?",
   "Ответы": "Да. Бесплатный видеоразбор за 7 дней до старта: проверим снаряжение и форму."},

  {"Вопросы": "Какие категории гидов есть?",
   "Ответы": "Старший гид (50+ восхождений), историк-проводник, ассистент-гид."},

  {"Вопросы": "Какие есть дополнительные услуги и цены?",
   "Ответы": "Кислород — 8000 руб./день, повар — 15000 руб., VIP-пакет — +25% к цене."},

  {"Вопросы": "Можно ли выбрать гида самому?",
   "Ответы": "Да. Предложим 3 кандидата с разной специализацией: техника, история или экстрим."},

  {"Вопросы": "Как можно оплатить участие?",
   "Ответы": "BTC, ETH, банковский перевод, наличные в лагере. Рассрочка на 3 части возможна."},

  {"Вопросы": "Как работает политика отмены тура?",
   "Ответы": "100% возврат за 14 дней до старта. В случае ЧП — перенос с сохранением депозита."},

  {"Вопросы": "Что с мерами безопасности на маршруте?",
   "Ответы": "Спутниковые трекеры, аптечка от горной болезни, кислород для всех участников."},

  {"Вопросы": "Что такое техника AirTouch в туре?",
   "Ответы": "Это страховка в стиле XIX века. Демонстрируется по запросу в лагере."},

  {"Вопросы": "Как проходит восстановление после восхождения?",
   "Ответы": "Посещение термальных источников и приём у горного врача включены."},

  {"Вопросы": "Можно ли идти с травмами?",
   "Ответы": "Только по разрешению врача экспедиции. Доступен облегчённый маршрут."},

  {"Вопросы": "Сколько действует бронь?",
   "Ответы": "3 года с момента оплаты. Допустимо 2 переноса дат без штрафа."},

  {"Вопросы": "Есть ли туры для неподготовленных?",
   "Ответы": "Да. Тур 'Тень Эммануэля' — экскурсии до 3000 м с проживанием в лагере."},

  {"Вопросы": "Есть ли мужские и женские группы?",
   "Ответы": "Да. Спецгруппы 'Как в 1829' — только мужские. Смешанные — в стандартном формате."},

  {"Вопросы": "Можно ли просто прийти в гости?",
   "Ответы": "Да. Ужин у костра — 2000 руб./чел. По предварительной записи."},

  {"Вопросы": "Можно ли использовать своё снаряжение?",
   "Ответы": "Да, но оно должно соответствовать стандартам 1829 г. (кожа, дерево и т. д.)."},

  {"Вопросы": "Какие есть доп. активности?",
   "Ответы": "Ночная экскурсия с телескопом 'По звёздам Эммануэля' — 5000 руб./группа."},

  {"Вопросы": "Как подготовиться к восхождению?",
   "Ответы": "Присылаем тренировочный план за 2 месяца + доступ к архиву экспедиции."},

  {"Вопросы": "Что если не получилось подняться?",
   "Ответы": "Даем возможность повторного восхождения в течение 2 лет со скидкой 50%."},

  {"Вопросы": "Можно ли идти беременным?",
   "Ответы": "Только в тур 'Долиной первопроходцев' (до 2500 м) с медицинским сопровождением."},

  {"Вопросы": "Что с гигиеной в горах?",
   "Ответы": "Биотуалеты XIX века (копии). Санобработка — по стандартам альплагерей."},

  {"Вопросы": "Есть ли подарочные сертификаты?",
   "Ответы": "Да. 'Билет в 1829 год' — именной свиток с печатью, доставляется курьером-реконструктором."},

  {"Вопросы": "Какой у вас график работы?",
   "Ответы": "08:00–20:00 по кавказскому времени. Выходной — 29 июля (день восхождения Эммануэля)."},  

  {"Вопросы": "Где находится ваша база?",
   "Ответы": "КБР, Эльбрусский р-н, поляна Джилы-Су, лагерь №1, реконструированный под 1829 г."},

  {"Вопросы": "Когда ближайшая экспедиция?",
   "Ответы": "С 28 июля по 3 августа 2025 года."},

  {"Вопросы": "Есть ли эксклюзивные опции?",
   "Ответы": "Да. 'Капитанский пакет' — вы несёте флаг экспедиции и получаете копию журнала 1829 г. (+15%)."}

  {"Вопросы": "Ближайшие даты тура?",
   "Ответы": "28 июля – 3 августа 2025, 4 – 14 августа 2025, 11 – 17 августа 2025"}

]
